 rel_batch,history,calc_int,stddev,batch_time,thread_num
1,1040,  8.2500404E-01,            NaN,  1.7402999E-05,0
2,1010,  8.2397344E-01,            NaN,  8.5731999E-05,1
3,1000,  8.2316150E-01,            NaN,  8.5402000E-05,2
4,1020,  8.2309814E-01,       Infinity,  8.5361999E-05,3
5,1030,  8.2380888E-01,            NaN,  8.5210999E-05,4
